http://pngimg.com/uploads/winter/small/winter_PNG74.png,http://pngimg.com/uploads/winter/small/winter_PNG73.png,http://pngimg.com/uploads/winter/small/winter_PNG72.png,http://pngimg.com/uploads/winter/small/winter_PNG71.png,http://pngimg.com/uploads/winter/small/winter_PNG70.png,http://pngimg.com/uploads/winter/small/winter_PNG69.png,http://pngimg.com/uploads/winter/small/winter_PNG68.png,http://pngimg.com/uploads/winter/small/winter_PNG67.png,http://pngimg.com/uploads/winter/small/winter_PNG66.png,http://pngimg.com/uploads/winter/small/winter_PNG65.png,http://pngimg.com/uploads/winter/small/winter_PNG64.png,http://pngimg.com/uploads/winter/small/winter_PNG63.png,http://pngimg.com/uploads/winter/small/winter_PNG62.png,http://pngimg.com/uploads/winter/small/winter_PNG61.png,http://pngimg.com/uploads/winter/small/winter_PNG60.png,http://pngimg.com/uploads/winter/small/winter_PNG59.png,http://pngimg.com/uploads/winter/small/winter_PNG58.png,http://pngimg.com/uploads/winter/small/winter_PNG57.png,http://pngimg.com/uploads/winter/small/winter_PNG56.png,http://pngimg.com/uploads/winter/small/winter_PNG55.png,http://pngimg.com/uploads/winter/small/winter_PNG54.png,http://pngimg.com/uploads/winter/small/winter_PNG53.png,http://pngimg.com/uploads/winter/small/winter_PNG52.png,http://pngimg.com/uploads/winter/small/winter_PNG51.png,http://pngimg.com/uploads/winter/small/winter_PNG50.png,http://pngimg.com/uploads/winter/small/winter_PNG49.png,http://pngimg.com/uploads/winter/small/winter_PNG48.png,http://pngimg.com/uploads/winter/small/winter_PNG47.png,http://pngimg.com/uploads/winter/small/winter_PNG46.png,http://pngimg.com/uploads/winter/small/winter_PNG45.png,http://pngimg.com/uploads/winter/small/winter_PNG44.png,http://pngimg.com/uploads/winter/small/winter_PNG43.png,http://pngimg.com/uploads/winter/small/winter_PNG42.png,http://pngimg.com/uploads/winter/small/winter_PNG41.png,http://pngimg.com/uploads/winter/small/winter_PNG40.png,http://pngimg.com/uploads/winter/small/winter_PNG39.png,http://pngimg.com/uploads/winter/small/winter_PNG38.png,http://pngimg.com/uploads/winter/small/winter_PNG37.png,http://pngimg.com/uploads/winter/small/winter_PNG36.png,http://pngimg.com/uploads/winter/small/winter_PNG35.png,http://pngimg.com/uploads/winter/small/winter_PNG34.png,http://pngimg.com/uploads/winter/small/winter_PNG33.png,http://pngimg.com/uploads/winter/small/winter_PNG32.png,http://pngimg.com/uploads/winter/small/winter_PNG31.png,http://pngimg.com/uploads/winter/small/winter_PNG30.png,http://pngimg.com/uploads/winter/small/winter_PNG29.png,http://pngimg.com/uploads/winter/small/winter_PNG28.png,http://pngimg.com/uploads/winter/small/winter_PNG27.png,http://pngimg.com/uploads/winter/small/winter_PNG26.png,http://pngimg.com/uploads/winter/small/winter_PNG25.png,http://pngimg.com/uploads/winter/small/winter_PNG24.png,http://pngimg.com/uploads/winter/small/winter_PNG23.png,http://pngimg.com/uploads/winter/small/winter_PNG22.png,http://pngimg.com/uploads/winter/small/winter_PNG21.png,http://pngimg.com/uploads/winter/small/winter_PNG20.png,http://pngimg.com/uploads/winter/small/winter_PNG19.png,http://pngimg.com/uploads/winter/small/winter_PNG18.png,http://pngimg.com/uploads/winter/small/winter_PNG17.png,http://pngimg.com/uploads/winter/small/winter_PNG16.png,http://pngimg.com/uploads/winter/small/winter_PNG15.png,http://pngimg.com/uploads/winter/small/winter_PNG14.png,http://pngimg.com/uploads/winter/small/winter_PNG13.png,http://pngimg.com/uploads/winter/small/winter_PNG12.png,http://pngimg.com/uploads/winter/small/winter_PNG11.png,http://pngimg.com/uploads/winter/small/winter_PNG10.png,http://pngimg.com/uploads/winter/small/winter_PNG9.png,http://pngimg.com/uploads/winter/small/winter_PNG8.png,http://pngimg.com/uploads/winter/small/winter_PNG7.png,http://pngimg.com/uploads/winter/small/winter_PNG6.png,http://pngimg.com/uploads/winter/small/winter_PNG5.png,http://pngimg.com/uploads/winter/small/winter_PNG4.png,http://pngimg.com/uploads/winter/small/winter_PNG3.png,http://pngimg.com/uploads/winter/small/winter_PNG2.png,http://pngimg.com/uploads/winter/small/winter_PNG1.png
http://pngimg.com/uploads/winter/small/winter_PNG74.png,http://pngimg.com/uploads/winter/small/winter_PNG73.png,http://pngimg.com/uploads/winter/small/winter_PNG72.png,http://pngimg.com/uploads/winter/small/winter_PNG71.png,http://pngimg.com/uploads/winter/small/winter_PNG70.png,http://pngimg.com/uploads/winter/small/winter_PNG69.png,http://pngimg.com/uploads/winter/small/winter_PNG68.png,http://pngimg.com/uploads/winter/small/winter_PNG67.png,http://pngimg.com/uploads/winter/small/winter_PNG66.png,http://pngimg.com/uploads/winter/small/winter_PNG65.png,http://pngimg.com/uploads/winter/small/winter_PNG64.png,http://pngimg.com/uploads/winter/small/winter_PNG63.png,http://pngimg.com/uploads/winter/small/winter_PNG62.png,http://pngimg.com/uploads/winter/small/winter_PNG61.png,http://pngimg.com/uploads/winter/small/winter_PNG60.png,http://pngimg.com/uploads/winter/small/winter_PNG59.png,http://pngimg.com/uploads/winter/small/winter_PNG58.png,http://pngimg.com/uploads/winter/small/winter_PNG57.png,http://pngimg.com/uploads/winter/small/winter_PNG56.png,http://pngimg.com/uploads/winter/small/winter_PNG55.png,http://pngimg.com/uploads/winter/small/winter_PNG54.png,http://pngimg.com/uploads/winter/small/winter_PNG53.png,http://pngimg.com/uploads/winter/small/winter_PNG52.png,http://pngimg.com/uploads/winter/small/winter_PNG51.png,http://pngimg.com/uploads/winter/small/winter_PNG50.png,http://pngimg.com/uploads/winter/small/winter_PNG49.png,http://pngimg.com/uploads/winter/small/winter_PNG48.png,http://pngimg.com/uploads/winter/small/winter_PNG47.png,http://pngimg.com/uploads/winter/small/winter_PNG46.png,http://pngimg.com/uploads/winter/small/winter_PNG45.png,http://pngimg.com/uploads/winter/small/winter_PNG44.png,http://pngimg.com/uploads/winter/small/winter_PNG43.png,http://pngimg.com/uploads/winter/small/winter_PNG42.png,http://pngimg.com/uploads/winter/small/winter_PNG41.png,http://pngimg.com/uploads/winter/small/winter_PNG40.png,http://pngimg.com/uploads/winter/small/winter_PNG39.png,http://pngimg.com/uploads/winter/small/winter_PNG38.png,http://pngimg.com/uploads/winter/small/winter_PNG37.png,http://pngimg.com/uploads/winter/small/winter_PNG36.png,http://pngimg.com/uploads/winter/small/winter_PNG35.png,http://pngimg.com/uploads/winter/small/winter_PNG34.png,http://pngimg.com/uploads/winter/small/winter_PNG33.png,http://pngimg.com/uploads/winter/small/winter_PNG32.png,http://pngimg.com/uploads/winter/small/winter_PNG31.png,http://pngimg.com/uploads/winter/small/winter_PNG30.png,http://pngimg.com/uploads/winter/small/winter_PNG29.png,http://pngimg.com/uploads/winter/small/winter_PNG28.png,http://pngimg.com/uploads/winter/small/winter_PNG27.png,http://pngimg.com/uploads/winter/small/winter_PNG26.png,http://pngimg.com/uploads/winter/small/winter_PNG25.png,http://pngimg.com/uploads/winter/small/winter_PNG24.png,http://pngimg.com/uploads/winter/small/winter_PNG23.png,http://pngimg.com/uploads/winter/small/winter_PNG22.png,http://pngimg.com/uploads/winter/small/winter_PNG21.png,http://pngimg.com/uploads/winter/small/winter_PNG20.png,http://pngimg.com/uploads/winter/small/winter_PNG19.png,http://pngimg.com/uploads/winter/small/winter_PNG18.png,http://pngimg.com/uploads/winter/small/winter_PNG17.png,http://pngimg.com/uploads/winter/small/winter_PNG16.png,http://pngimg.com/uploads/winter/small/winter_PNG15.png,http://pngimg.com/uploads/winter/small/winter_PNG14.png,http://pngimg.com/uploads/winter/small/winter_PNG13.png,http://pngimg.com/uploads/winter/small/winter_PNG12.png,http://pngimg.com/uploads/winter/small/winter_PNG11.png,http://pngimg.com/uploads/winter/small/winter_PNG10.png,http://pngimg.com/uploads/winter/small/winter_PNG9.png,http://pngimg.com/uploads/winter/small/winter_PNG8.png,http://pngimg.com/uploads/winter/small/winter_PNG7.png,http://pngimg.com/uploads/winter/small/winter_PNG6.png,http://pngimg.com/uploads/winter/small/winter_PNG5.png,http://pngimg.com/uploads/winter/small/winter_PNG4.png,http://pngimg.com/uploads/winter/small/winter_PNG3.png,http://pngimg.com/uploads/winter/small/winter_PNG2.png,http://pngimg.com/uploads/winter/small/winter_PNG1.png
http://pngimg.com/uploads/winter/small/winter_PNG74.png,http://pngimg.com/uploads/winter/small/winter_PNG74.png
http://pngimg.com/distr/img/cookie.png


/distr/img/info@pngimg.com.png

http://pngimg.com/uploads/winter/small/winter_PNG73.png,http://pngimg.com/uploads/winter/small/winter_PNG73.png
http://pngimg.com/uploads/winter/small/winter_PNG72.png,http://pngimg.com/uploads/winter/small/winter_PNG72.png
http://pngimg.com/uploads/winter/small/winter_PNG71.png,http://pngimg.com/uploads/winter/small/winter_PNG71.png
http://pngimg.com/uploads/winter/small/winter_PNG70.png,http://pngimg.com/uploads/winter/small/winter_PNG70.png
http://pngimg.com/uploads/winter/small/winter_PNG69.png,http://pngimg.com/uploads/winter/small/winter_PNG69.png
http://pngimg.com/uploads/winter/small/winter_PNG68.png,http://pngimg.com/uploads/winter/small/winter_PNG68.png
http://pngimg.com/uploads/winter/small/winter_PNG67.png,http://pngimg.com/uploads/winter/small/winter_PNG67.png
http://pngimg.com/uploads/winter/small/winter_PNG66.png,http://pngimg.com/uploads/winter/small/winter_PNG66.png
http://pngimg.com/uploads/winter/small/winter_PNG65.png,http://pngimg.com/uploads/winter/small/winter_PNG65.png
http://pngimg.com/uploads/winter/small/winter_PNG64.png,http://pngimg.com/uploads/winter/small/winter_PNG64.png
http://pngimg.com/uploads/winter/small/winter_PNG63.png,http://pngimg.com/uploads/winter/small/winter_PNG63.png
http://pngimg.com/uploads/winter/small/winter_PNG62.png,http://pngimg.com/uploads/winter/small/winter_PNG62.png
http://pngimg.com/uploads/winter/small/winter_PNG61.png,http://pngimg.com/uploads/winter/small/winter_PNG61.png
http://pngimg.com/uploads/winter/small/winter_PNG60.png,http://pngimg.com/uploads/winter/small/winter_PNG60.png
http://pngimg.com/uploads/winter/small/winter_PNG59.png,http://pngimg.com/uploads/winter/small/winter_PNG59.png
http://pngimg.com/uploads/winter/small/winter_PNG58.png,http://pngimg.com/uploads/winter/small/winter_PNG58.png
http://pngimg.com/uploads/winter/small/winter_PNG57.png,http://pngimg.com/uploads/winter/small/winter_PNG57.png
http://pngimg.com/uploads/winter/small/winter_PNG56.png,http://pngimg.com/uploads/winter/small/winter_PNG56.png
http://pngimg.com/uploads/winter/small/winter_PNG55.png,http://pngimg.com/uploads/winter/small/winter_PNG55.png
http://pngimg.com/uploads/winter/small/winter_PNG54.png,http://pngimg.com/uploads/winter/small/winter_PNG54.png
http://pngimg.com/uploads/winter/small/winter_PNG53.png,http://pngimg.com/uploads/winter/small/winter_PNG53.png
http://pngimg.com/uploads/winter/small/winter_PNG52.png,http://pngimg.com/uploads/winter/small/winter_PNG52.png
http://pngimg.com/uploads/winter/small/winter_PNG51.png,http://pngimg.com/uploads/winter/small/winter_PNG51.png
http://pngimg.com/uploads/winter/small/winter_PNG50.png,http://pngimg.com/uploads/winter/small/winter_PNG50.png
http://pngimg.com/uploads/winter/small/winter_PNG49.png,http://pngimg.com/uploads/winter/small/winter_PNG49.png
http://pngimg.com/uploads/winter/small/winter_PNG48.png,http://pngimg.com/uploads/winter/small/winter_PNG48.png
http://pngimg.com/uploads/winter/small/winter_PNG47.png,http://pngimg.com/uploads/winter/small/winter_PNG47.png
http://pngimg.com/uploads/winter/small/winter_PNG46.png,http://pngimg.com/uploads/winter/small/winter_PNG46.png
http://pngimg.com/uploads/winter/small/winter_PNG45.png,http://pngimg.com/uploads/winter/small/winter_PNG45.png
http://pngimg.com/uploads/winter/small/winter_PNG44.png,http://pngimg.com/uploads/winter/small/winter_PNG44.png
http://pngimg.com/uploads/winter/small/winter_PNG43.png,http://pngimg.com/uploads/winter/small/winter_PNG43.png
http://pngimg.com/uploads/winter/small/winter_PNG42.png,http://pngimg.com/uploads/winter/small/winter_PNG42.png
http://pngimg.com/uploads/winter/small/winter_PNG41.png,http://pngimg.com/uploads/winter/small/winter_PNG41.png
http://pngimg.com/uploads/winter/small/winter_PNG40.png,http://pngimg.com/uploads/winter/small/winter_PNG40.png
http://pngimg.com/uploads/winter/small/winter_PNG39.png,http://pngimg.com/uploads/winter/small/winter_PNG39.png
http://pngimg.com/uploads/winter/small/winter_PNG38.png,http://pngimg.com/uploads/winter/small/winter_PNG38.png
http://pngimg.com/uploads/winter/small/winter_PNG37.png,http://pngimg.com/uploads/winter/small/winter_PNG37.png
http://pngimg.com/uploads/winter/small/winter_PNG36.png,http://pngimg.com/uploads/winter/small/winter_PNG36.png
http://pngimg.com/uploads/winter/small/winter_PNG35.png,http://pngimg.com/uploads/winter/small/winter_PNG35.png
http://pngimg.com/uploads/winter/small/winter_PNG34.png,http://pngimg.com/uploads/winter/small/winter_PNG34.png
http://pngimg.com/uploads/winter/small/winter_PNG33.png,http://pngimg.com/uploads/winter/small/winter_PNG33.png
http://pngimg.com/uploads/winter/small/winter_PNG32.png,http://pngimg.com/uploads/winter/small/winter_PNG32.png
http://pngimg.com/uploads/winter/small/winter_PNG31.png,http://pngimg.com/uploads/winter/small/winter_PNG31.png
http://pngimg.com/uploads/winter/small/winter_PNG30.png,http://pngimg.com/uploads/winter/small/winter_PNG30.png
http://pngimg.com/uploads/winter/small/winter_PNG29.png,http://pngimg.com/uploads/winter/small/winter_PNG29.png
http://pngimg.com/uploads/winter/small/winter_PNG28.png,http://pngimg.com/uploads/winter/small/winter_PNG28.png
http://pngimg.com/uploads/winter/small/winter_PNG27.png,http://pngimg.com/uploads/winter/small/winter_PNG27.png
http://pngimg.com/uploads/winter/small/winter_PNG26.png,http://pngimg.com/uploads/winter/small/winter_PNG26.png
http://pngimg.com/uploads/winter/small/winter_PNG25.png,http://pngimg.com/uploads/winter/small/winter_PNG25.png
http://pngimg.com/uploads/winter/small/winter_PNG24.png,http://pngimg.com/uploads/winter/small/winter_PNG24.png
http://pngimg.com/uploads/winter/small/winter_PNG23.png,http://pngimg.com/uploads/winter/small/winter_PNG23.png
http://pngimg.com/uploads/winter/small/winter_PNG22.png,http://pngimg.com/uploads/winter/small/winter_PNG22.png
http://pngimg.com/uploads/winter/small/winter_PNG21.png,http://pngimg.com/uploads/winter/small/winter_PNG21.png
http://pngimg.com/uploads/winter/small/winter_PNG20.png,http://pngimg.com/uploads/winter/small/winter_PNG20.png
http://pngimg.com/uploads/winter/small/winter_PNG19.png,http://pngimg.com/uploads/winter/small/winter_PNG19.png
http://pngimg.com/uploads/winter/small/winter_PNG18.png,http://pngimg.com/uploads/winter/small/winter_PNG18.png
http://pngimg.com/uploads/winter/small/winter_PNG17.png,http://pngimg.com/uploads/winter/small/winter_PNG17.png
http://pngimg.com/uploads/winter/small/winter_PNG16.png,http://pngimg.com/uploads/winter/small/winter_PNG16.png
http://pngimg.com/uploads/winter/small/winter_PNG15.png,http://pngimg.com/uploads/winter/small/winter_PNG15.png
http://pngimg.com/uploads/winter/small/winter_PNG14.png,http://pngimg.com/uploads/winter/small/winter_PNG14.png
http://pngimg.com/uploads/winter/small/winter_PNG13.png,http://pngimg.com/uploads/winter/small/winter_PNG13.png
http://pngimg.com/uploads/winter/small/winter_PNG12.png,http://pngimg.com/uploads/winter/small/winter_PNG12.png
http://pngimg.com/uploads/winter/small/winter_PNG11.png,http://pngimg.com/uploads/winter/small/winter_PNG11.png
http://pngimg.com/uploads/winter/small/winter_PNG10.png,http://pngimg.com/uploads/winter/small/winter_PNG10.png
http://pngimg.com/uploads/winter/small/winter_PNG9.png,http://pngimg.com/uploads/winter/small/winter_PNG9.png
http://pngimg.com/uploads/winter/small/winter_PNG8.png,http://pngimg.com/uploads/winter/small/winter_PNG8.png
http://pngimg.com/uploads/winter/small/winter_PNG7.png,http://pngimg.com/uploads/winter/small/winter_PNG7.png
http://pngimg.com/uploads/winter/small/winter_PNG6.png,http://pngimg.com/uploads/winter/small/winter_PNG6.png
http://pngimg.com/uploads/winter/small/winter_PNG5.png,http://pngimg.com/uploads/winter/small/winter_PNG5.png
http://pngimg.com/uploads/winter/small/winter_PNG4.png,http://pngimg.com/uploads/winter/small/winter_PNG4.png
http://pngimg.com/uploads/winter/small/winter_PNG3.png,http://pngimg.com/uploads/winter/small/winter_PNG3.png
http://pngimg.com/uploads/winter/small/winter_PNG2.png,http://pngimg.com/uploads/winter/small/winter_PNG2.png
http://pngimg.com/uploads/winter/small/winter_PNG1.png,http://pngimg.com/uploads/winter/small/winter_PNG1.png
